-- MySQL dump 10.13  Distrib 5.7.9, for Win64 (x86_64)
--
-- Host: localhost    Database: quiz_bee
-- ------------------------------------------------------
-- Server version	5.7.9-log

/*!40101 SET @OLD_CHARACTER_SET_CLIENT=@@CHARACTER_SET_CLIENT */;
/*!40101 SET @OLD_CHARACTER_SET_RESULTS=@@CHARACTER_SET_RESULTS */;
/*!40101 SET @OLD_COLLATION_CONNECTION=@@COLLATION_CONNECTION */;
/*!40101 SET NAMES utf8 */;
/*!40103 SET @OLD_TIME_ZONE=@@TIME_ZONE */;
/*!40103 SET TIME_ZONE='+00:00' */;
/*!40014 SET @OLD_UNIQUE_CHECKS=@@UNIQUE_CHECKS, UNIQUE_CHECKS=0 */;
/*!40014 SET @OLD_FOREIGN_KEY_CHECKS=@@FOREIGN_KEY_CHECKS, FOREIGN_KEY_CHECKS=0 */;
/*!40101 SET @OLD_SQL_MODE=@@SQL_MODE, SQL_MODE='NO_AUTO_VALUE_ON_ZERO' */;
/*!40111 SET @OLD_SQL_NOTES=@@SQL_NOTES, SQL_NOTES=0 */;

--
-- Table structure for table `migrations`
--

DROP TABLE IF EXISTS `migrations`;
/*!40101 SET @saved_cs_client     = @@character_set_client */;
/*!40101 SET character_set_client = utf8 */;
CREATE TABLE `migrations` (
  `id` int(10) unsigned NOT NULL AUTO_INCREMENT,
  `migration` varchar(255) COLLATE utf8mb4_unicode_ci NOT NULL,
  `batch` int(11) NOT NULL,
  PRIMARY KEY (`id`)
) ENGINE=InnoDB AUTO_INCREMENT=8 DEFAULT CHARSET=utf8mb4 COLLATE=utf8mb4_unicode_ci;
/*!40101 SET character_set_client = @saved_cs_client */;

--
-- Dumping data for table `migrations`
--

LOCK TABLES `migrations` WRITE;
/*!40000 ALTER TABLE `migrations` DISABLE KEYS */;
INSERT INTO `migrations` VALUES (1,'2014_10_12_000000_create_users_table',1),(2,'2014_10_12_100000_create_password_resets_table',1),(3,'2019_08_23_064313_create_questions_table',1),(4,'2019_08_23_064605_create_question_categories_table',1),(5,'2019_08_23_064850_create_question_choices_table',1),(6,'2019_08_23_064939_create_teams_table',1),(7,'2019_08_23_065012_create_team_answers_table',1);
/*!40000 ALTER TABLE `migrations` ENABLE KEYS */;
UNLOCK TABLES;

--
-- Table structure for table `password_resets`
--

DROP TABLE IF EXISTS `password_resets`;
/*!40101 SET @saved_cs_client     = @@character_set_client */;
/*!40101 SET character_set_client = utf8 */;
CREATE TABLE `password_resets` (
  `email` varchar(255) COLLATE utf8mb4_unicode_ci NOT NULL,
  `token` varchar(255) COLLATE utf8mb4_unicode_ci NOT NULL,
  `created_at` timestamp NULL DEFAULT NULL,
  KEY `password_resets_email_index` (`email`)
) ENGINE=InnoDB DEFAULT CHARSET=utf8mb4 COLLATE=utf8mb4_unicode_ci;
/*!40101 SET character_set_client = @saved_cs_client */;

--
-- Dumping data for table `password_resets`
--

LOCK TABLES `password_resets` WRITE;
/*!40000 ALTER TABLE `password_resets` DISABLE KEYS */;
/*!40000 ALTER TABLE `password_resets` ENABLE KEYS */;
UNLOCK TABLES;

--
-- Table structure for table `question_categories`
--

DROP TABLE IF EXISTS `question_categories`;
/*!40101 SET @saved_cs_client     = @@character_set_client */;
/*!40101 SET character_set_client = utf8 */;
CREATE TABLE `question_categories` (
  `id` int(10) unsigned NOT NULL AUTO_INCREMENT,
  `name` varchar(255) COLLATE utf8mb4_unicode_ci NOT NULL,
  `duration` int(10) unsigned NOT NULL,
  `num_of_points` int(10) unsigned NOT NULL,
  `created_at` timestamp NULL DEFAULT NULL,
  `updated_at` timestamp NULL DEFAULT NULL,
  PRIMARY KEY (`id`)
) ENGINE=InnoDB AUTO_INCREMENT=5 DEFAULT CHARSET=utf8mb4 COLLATE=utf8mb4_unicode_ci;
/*!40101 SET character_set_client = @saved_cs_client */;

--
-- Dumping data for table `question_categories`
--

LOCK TABLES `question_categories` WRITE;
/*!40000 ALTER TABLE `question_categories` DISABLE KEYS */;
INSERT INTO `question_categories` VALUES (1,'Easy',10000,1,NULL,NULL),(2,'Average',15000,2,NULL,NULL),(3,'Difficult',25000,3,NULL,NULL),(4,'Clincher',15000,1,NULL,NULL);
/*!40000 ALTER TABLE `question_categories` ENABLE KEYS */;
UNLOCK TABLES;

--
-- Table structure for table `question_choices`
--

DROP TABLE IF EXISTS `question_choices`;
/*!40101 SET @saved_cs_client     = @@character_set_client */;
/*!40101 SET character_set_client = utf8 */;
CREATE TABLE `question_choices` (
  `id` int(10) unsigned NOT NULL AUTO_INCREMENT,
  `question_id` int(10) unsigned NOT NULL,
  `body` varchar(255) COLLATE utf8mb4_unicode_ci NOT NULL,
  `created_at` timestamp NULL DEFAULT NULL,
  `updated_at` timestamp NULL DEFAULT NULL,
  PRIMARY KEY (`id`)
) ENGINE=InnoDB AUTO_INCREMENT=125 DEFAULT CHARSET=utf8mb4 COLLATE=utf8mb4_unicode_ci;
/*!40101 SET character_set_client = @saved_cs_client */;

--
-- Dumping data for table `question_choices`
--

LOCK TABLES `question_choices` WRITE;
/*!40000 ALTER TABLE `question_choices` DISABLE KEYS */;
INSERT INTO `question_choices` VALUES (1,1,'EU',NULL,NULL),(2,1,'UN',NULL,NULL),(3,1,'USAFE',NULL,NULL),(4,1,'NATO',NULL,NULL),(5,2,'Inui',NULL,NULL),(6,2,'Burmans',NULL,NULL),(7,2,'Malays',NULL,NULL),(8,2,'Indos',NULL,NULL),(9,3,'Mongoloid',NULL,NULL),(10,3,'Caucasoid',NULL,NULL),(11,3,'Negroid',NULL,NULL),(12,3,'Americanoid',NULL,NULL),(13,4,'Singapore',NULL,NULL),(14,4,'Malaysia',NULL,NULL),(15,4,'Philippines',NULL,NULL),(16,4,'Thailand',NULL,NULL),(17,5,'Singapore',NULL,NULL),(18,5,'Indonesia',NULL,NULL),(19,5,'Malaysia',NULL,NULL),(20,5,'Philippines',NULL,NULL),(21,6,'Karma',NULL,NULL),(22,6,'Caste System',NULL,NULL),(23,6,'Reincarnation',NULL,NULL),(24,6,'Nirvana',NULL,NULL),(25,7,'Lee Min Hu',NULL,NULL),(26,7,'Thongloun Sisoulith',NULL,NULL),(27,7,'Lim Jock Hoi',NULL,NULL),(28,7,'Hun Sen',NULL,NULL),(29,8,'Thailand',NULL,NULL),(30,8,'Malaysia',NULL,NULL),(31,8,'Singapore',NULL,NULL),(32,8,'Indonesia',NULL,NULL),(33,9,'30th',NULL,NULL),(34,9,'31st',NULL,NULL),(35,9,'32nd',NULL,NULL),(36,9,'33rd',NULL,NULL),(37,10,'Jakarta',NULL,NULL),(38,10,'Hanoi',NULL,NULL),(39,10,'Bali',NULL,NULL),(40,10,'Bangkok',NULL,NULL),(41,11,'1947',NULL,NULL),(42,11,'1966',NULL,NULL),(43,11,'1967',NULL,NULL),(44,11,'1976',NULL,NULL),(45,12,'Philippines',NULL,NULL),(46,12,'Vietnam',NULL,NULL),(47,12,'Indonesia',NULL,NULL),(48,12,'Singapore',NULL,NULL),(49,13,'economic growth',NULL,NULL),(50,13,'social progress',NULL,NULL),(51,13,'cultural development',NULL,NULL),(52,13,'territorial disputes',NULL,NULL),(53,14,'Singapore',NULL,NULL),(54,14,'Thailand',NULL,NULL),(55,14,'Philippines',NULL,NULL),(56,14,'Vietnam',NULL,NULL),(57,15,'Cambodia',NULL,NULL),(58,15,'Malaysia',NULL,NULL),(59,15,'Indonesia',NULL,NULL),(60,15,'Singapore',NULL,NULL),(61,16,'Cambodia',NULL,NULL),(62,16,'Malaysia',NULL,NULL),(63,16,'Indonesia',NULL,NULL),(64,16,'Singapore',NULL,NULL),(65,17,'Cambodia',NULL,NULL),(66,17,'Philippines',NULL,NULL),(67,17,'Indonesia',NULL,NULL),(68,17,'Thailand',NULL,NULL),(69,22,'Mutual respect for the independence, sovereignty, equality, territorial, integrity, and national identity of all nations.',NULL,NULL),(70,22,'The right of every State to lead its national existence free from external interference, subversion, or coercion.',NULL,NULL),(71,22,'Interference in the internal affairs of one another.',NULL,NULL),(72,22,'Settlement of differences or disputes by peaceful manner.',NULL,NULL),(73,24,'The enlightenment',NULL,NULL),(74,24,'Operation Shakti',NULL,NULL),(75,24,'Smiling Buddha',NULL,NULL),(76,24,'Operation green',NULL,NULL),(77,26,'Above the 16th parallel',NULL,NULL),(78,26,'Below the 16th parallel',NULL,NULL),(79,26,'Above the 38th parallel',NULL,NULL),(80,26,'Below the 38th parallel',NULL,NULL),(81,27,'Economic self-sufficiency',NULL,NULL),(82,27,'Satyagraha',NULL,NULL),(83,27,'Ahimsa or kindness to all creatures',NULL,NULL),(84,27,'Passive non-cooperation',NULL,NULL),(85,30,'Kama',NULL,NULL),(86,30,'Moksha',NULL,NULL),(87,30,'Artha',NULL,NULL),(88,30,'Dharma',NULL,NULL),(89,31,'It symbolizes the thought, philosophy, and mysticism of the Far East.',NULL,NULL),(90,31,'The circle in the centre, red upper half and blue lower half, represents absolute, or the essential unity of all being.',NULL,NULL),(91,31,'The three trigrams indicate the duality of opposites and balances.',NULL,NULL),(92,31,'Symbolic of the nation is the white background',NULL,NULL),(121,100,'3',NULL,NULL),(122,100,'4',NULL,NULL),(123,100,'2',NULL,NULL),(124,100,'5',NULL,NULL);
/*!40000 ALTER TABLE `question_choices` ENABLE KEYS */;
UNLOCK TABLES;

--
-- Table structure for table `questions`
--

DROP TABLE IF EXISTS `questions`;
/*!40101 SET @saved_cs_client     = @@character_set_client */;
/*!40101 SET character_set_client = utf8 */;
CREATE TABLE `questions` (
  `id` int(10) unsigned NOT NULL AUTO_INCREMENT,
  `category_id` int(10) unsigned NOT NULL,
  `name` varchar(255) COLLATE utf8mb4_unicode_ci NOT NULL,
  `body` text COLLATE utf8mb4_unicode_ci NOT NULL,
  `correct_answer` varchar(255) COLLATE utf8mb4_unicode_ci NOT NULL,
  `is_multiple_choice` tinyint(1) NOT NULL,
  `created_at` timestamp NULL DEFAULT NULL,
  `updated_at` timestamp NULL DEFAULT NULL,
  PRIMARY KEY (`id`)
) ENGINE=InnoDB AUTO_INCREMENT=40 DEFAULT CHARSET=utf8mb4 COLLATE=utf8mb4_unicode_ci;
/*!40101 SET character_set_client = @saved_cs_client */;

--
-- Dumping data for table `questions`
--

LOCK TABLES `questions` WRITE;
/*!40000 ALTER TABLE `questions` DISABLE KEYS */;
INSERT INTO `questions` VALUES (1,1,'Easy Question 1','Question1','EU',0,NULL,NULL),(2,1,'Easy Question 2','Question2','Burmans',1,NULL,NULL),(3,1,'Easy Question 3','Question3','Mongoloid',0,NULL,NULL),(4,1,'Easy Question 4','Question4','Thailand',1,NULL,NULL),(5,1,'Easy Question 5','Question5','Indonesia',1,NULL,NULL),(6,1,'Easy Question 6','Question6','Reincarnation',1,NULL,NULL),(7,1,'Easy Question 7','Question7','Lim Jock Hoi',0,NULL,NULL),(8,1,'Easy Question 8','Question8','Indonesia',1,NULL,NULL),(9,1,'Easy Question 9','Question9','31st',1,NULL,NULL),(10,1,'Easy Question 10','Question10','Bali',1,NULL,NULL),(11,2,'Moderate Question 1','Question11','1967',1,NULL,NULL),(12,2,'Moderate Question 2','Question12','Vietnam',1,NULL,NULL),(13,2,'Moderate Question 3','Question13','territorial disputes',1,NULL,NULL),(14,2,'Moderate Question 4','Question14','Philippines',1,NULL,NULL),(15,2,'Moderate Question 5','Question15','Cambodia',1,NULL,NULL),(16,2,'Moderate Question 6','Question16','Indonesia',1,NULL,NULL),(17,2,'Moderate Question 7','Question17','Thailand',1,NULL,NULL),(18,2,'Moderate Question 8','Question18','sudden boom in tourism',0,NULL,NULL),(19,2,'Moderate Question 9','Question19','North Borneo – Philippines',0,NULL,NULL),(20,2,'Moderate Question 10','Question20','feng shui',0,NULL,NULL),(21,3,'Difficult Question 6','Question21','Single Market and Production Base',0,NULL,NULL),(22,3,'Difficult Question 1','Question22','Interference in the internal affairs of one another.',1,NULL,NULL),(23,3,'Difficult Question 7','Question23','Competitive Economic Region',0,NULL,NULL),(24,3,'Difficult Question 2','Question24','Smiling Buddha',1,NULL,NULL),(25,3,'Difficult Question 8','Question25','Equitable Economic Development',0,NULL,NULL),(26,3,'Difficult Question 3','Question26','Above the 16th parallel',1,NULL,NULL),(27,3,'Difficult Question 4','Question27','Satyagraha',1,NULL,NULL),(28,3,'Difficult Question 9','Question28','ASEAN’s integration into the globalized economy',0,NULL,NULL),(29,3,'Difficult Question 10','Question29','NAJIB RAZAK',0,NULL,NULL),(30,3,'Difficult Question 5','Question30','Artha',1,NULL,NULL),(31,4,'Clincher Question 1','Question31','Symbolic of the nation is the white background',1,NULL,NULL),(33,4,'Clincher Question 2','Question33','Reducing trade barriers between member states.',0,NULL,NULL),(34,4,'Clincher Question 3','Question34','Common fear of communism, and a thirst for economic development.',0,NULL,NULL),(35,4,'Clincher Question 4','Question35','Regional Comprehensive Economic Partnership',0,NULL,NULL),(36,4,'Clincher Question 5','Question36','Narciso Ramos',0,NULL,NULL),(37,4,'Clincher Question 6','Question37','Advancing Partnership for Sustainability',0,NULL,NULL),(38,4,'Clincher Question 7','Question38','April 30, 1999',0,NULL,NULL),(39,4,'Clincher Question 8','Question39','Singapore',0,NULL,NULL);
/*!40000 ALTER TABLE `questions` ENABLE KEYS */;
UNLOCK TABLES;

--
-- Table structure for table `team_answers`
--

DROP TABLE IF EXISTS `team_answers`;
/*!40101 SET @saved_cs_client     = @@character_set_client */;
/*!40101 SET character_set_client = utf8 */;
CREATE TABLE `team_answers` (
  `id` int(10) unsigned NOT NULL AUTO_INCREMENT,
  `team_id` int(10) unsigned NOT NULL,
  `question_id` int(10) unsigned NOT NULL,
  `answer` varchar(255) COLLATE utf8mb4_unicode_ci DEFAULT NULL,
  `is_correct` tinyint(1) NOT NULL,
  `score` int(10) unsigned NOT NULL,
  `created_at` timestamp NULL DEFAULT NULL,
  `updated_at` timestamp NULL DEFAULT NULL,
  PRIMARY KEY (`id`)
) ENGINE=InnoDB AUTO_INCREMENT=923 DEFAULT CHARSET=utf8mb4 COLLATE=utf8mb4_unicode_ci;
/*!40101 SET character_set_client = @saved_cs_client */;

--
-- Dumping data for table `team_answers`
--

LOCK TABLES `team_answers` WRITE;
/*!40000 ALTER TABLE `team_answers` DISABLE KEYS */;
INSERT INTO `team_answers` VALUES (256,15,1,'EU',1,1,'2019-09-12 02:21:45','2019-09-12 02:21:45'),(257,17,1,NULL,0,0,'2019-09-12 02:21:45','2019-09-12 02:21:45'),(258,12,1,'UN',0,0,'2019-09-12 02:21:45','2019-09-12 02:21:45'),(259,8,1,'UN',0,0,'2019-09-12 02:21:45','2019-09-12 02:21:45'),(260,16,1,'UN',0,0,'2019-09-12 02:21:45','2019-09-12 02:21:45'),(261,9,1,'EU',1,1,'2019-09-12 02:21:45','2019-09-12 02:21:45'),(262,18,1,NULL,0,0,'2019-09-12 02:21:46','2019-09-12 02:21:46'),(263,1,1,'EU',1,1,'2019-09-12 02:21:46','2019-09-12 02:21:46'),(264,2,1,'EU',1,1,'2019-09-12 02:21:46','2019-09-12 02:21:46'),(265,13,1,'UN',0,0,'2019-09-12 02:21:46','2019-09-12 02:21:46'),(266,5,1,'EU',1,1,'2019-09-12 02:21:46','2019-09-12 02:21:46'),(267,10,1,'UN',0,0,'2019-09-12 02:21:46','2019-09-12 02:21:46'),(268,14,1,'UN',0,0,'2019-09-12 02:21:46','2019-09-12 02:21:46'),(269,20,1,NULL,0,0,'2019-09-12 02:21:46','2019-09-12 02:21:46'),(270,3,1,'EU',1,1,'2019-09-12 02:21:46','2019-09-12 02:21:46'),(271,4,1,'EU',1,1,'2019-09-12 02:21:46','2019-09-12 02:21:46'),(272,11,1,'UN',0,0,'2019-09-12 02:21:46','2019-09-12 02:21:46'),(273,6,1,'UN',0,0,'2019-09-12 02:21:47','2019-09-12 02:21:47'),(274,19,1,NULL,0,0,'2019-09-12 02:21:47','2019-09-12 02:21:47'),(275,7,1,'EU',1,1,'2019-09-12 02:21:47','2019-09-12 02:21:47'),(276,4,2,'Inui',0,0,'2019-09-12 02:22:58','2019-09-12 02:22:58'),(277,14,2,'Burmans',1,1,'2019-09-12 02:22:58','2019-09-12 02:22:58'),(278,20,2,NULL,0,0,'2019-09-12 02:22:58','2019-09-12 02:22:58'),(279,9,2,'Burmans',1,1,'2019-09-12 02:22:58','2019-09-12 02:22:58'),(280,15,2,'Burmans',1,1,'2019-09-12 02:22:58','2019-09-12 02:22:58'),(281,8,2,'Inui',0,0,'2019-09-12 02:22:58','2019-09-12 02:22:58'),(282,12,2,'Inui',0,0,'2019-09-12 02:22:58','2019-09-12 02:22:58'),(283,3,2,'Malays',0,0,'2019-09-12 02:22:58','2019-09-12 02:22:58'),(284,1,2,'Burmans',1,1,'2019-09-12 02:22:58','2019-09-12 02:22:58'),(285,18,2,NULL,0,0,'2019-09-12 02:22:59','2019-09-12 02:22:59'),(286,16,2,'Burmans',1,1,'2019-09-12 02:22:59','2019-09-12 02:22:59'),(287,7,2,'Burmans',1,1,'2019-09-12 02:22:59','2019-09-12 02:22:59'),(288,13,2,'Burmans',1,1,'2019-09-12 02:22:59','2019-09-12 02:22:59'),(289,5,2,'Burmans',1,1,'2019-09-12 02:22:59','2019-09-12 02:22:59'),(290,17,2,NULL,0,0,'2019-09-12 02:22:59','2019-09-12 02:22:59'),(291,19,2,NULL,0,0,'2019-09-12 02:22:59','2019-09-12 02:22:59'),(292,2,2,'Burmans',1,1,'2019-09-12 02:22:59','2019-09-12 02:22:59'),(293,10,2,'Inui',0,0,'2019-09-12 02:22:59','2019-09-12 02:22:59'),(294,11,2,'Burmans',1,1,'2019-09-12 02:22:59','2019-09-12 02:22:59'),(295,6,2,'Inui',0,0,'2019-09-12 02:22:59','2019-09-12 02:22:59'),(296,1,3,'Mongoloid',1,1,'2019-09-12 02:24:06','2019-09-12 02:24:06'),(297,10,3,'Mongoloid',1,1,'2019-09-12 02:24:06','2019-09-12 02:24:06'),(298,3,3,'Mongoloid',1,1,'2019-09-12 02:24:06','2019-09-12 02:24:06'),(299,14,3,'Caucasoid',0,0,'2019-09-12 02:24:06','2019-09-12 02:24:06'),(300,13,3,'Mongoloid',1,1,'2019-09-12 02:24:06','2019-09-12 02:24:06'),(301,9,3,NULL,0,0,'2019-09-12 02:24:06','2019-09-12 02:24:06'),(302,18,3,NULL,0,0,'2019-09-12 02:24:06','2019-09-12 02:24:06'),(303,4,3,'Mongoloid',1,1,'2019-09-12 02:24:06','2019-09-12 02:24:06'),(304,19,3,NULL,0,0,'2019-09-12 02:24:07','2019-09-12 02:24:07'),(305,5,3,'Mongoloid',1,1,'2019-09-12 02:24:07','2019-09-12 02:24:07'),(306,20,3,NULL,0,0,'2019-09-12 02:24:07','2019-09-12 02:24:07'),(307,2,3,'Mongoloid',1,1,'2019-09-12 02:24:07','2019-09-12 02:24:07'),(308,15,3,'Mongoloid',1,1,'2019-09-12 02:24:07','2019-09-12 02:24:07'),(309,16,3,'Caucasoid',0,0,'2019-09-12 02:24:07','2019-09-12 02:24:07'),(310,11,3,'Mongoloid',1,1,'2019-09-12 02:24:07','2019-09-12 02:24:07'),(311,17,3,NULL,0,0,'2019-09-12 02:24:07','2019-09-12 02:24:07'),(312,12,3,'Mongoloid',1,1,'2019-09-12 02:24:07','2019-09-12 02:24:07'),(313,7,3,'Mongoloid',1,1,'2019-09-12 02:24:07','2019-09-12 02:24:07'),(314,6,3,'Caucasoid',0,0,'2019-09-12 02:24:07','2019-09-12 02:24:07'),(315,12,4,'Philippines',0,0,'2019-09-12 02:28:10','2019-09-12 02:28:10'),(316,13,4,'Thailand',1,1,'2019-09-12 02:28:10','2019-09-12 02:28:10'),(317,2,4,'Singapore',0,0,'2019-09-12 02:28:10','2019-09-12 02:28:10'),(318,10,4,'Thailand',1,1,'2019-09-12 02:28:10','2019-09-12 02:28:10'),(319,8,4,'Singapore',0,0,'2019-09-12 02:28:11','2019-09-12 02:28:11'),(320,7,4,'Singapore',0,0,'2019-09-12 02:28:11','2019-09-12 02:28:11'),(321,16,4,'Philippines',0,0,'2019-09-12 02:28:11','2019-09-12 02:28:11'),(322,19,4,NULL,0,0,'2019-09-12 02:28:11','2019-09-12 02:28:11'),(323,14,4,'Thailand',1,1,'2019-09-12 02:28:11','2019-09-12 02:28:11'),(324,17,4,NULL,0,0,'2019-09-12 02:28:11','2019-09-12 02:28:11'),(325,20,4,NULL,0,0,'2019-09-12 02:28:11','2019-09-12 02:28:11'),(326,1,4,'Thailand',1,1,'2019-09-12 02:28:11','2019-09-12 02:28:11'),(327,11,4,'Singapore',0,0,'2019-09-12 02:28:11','2019-09-12 02:28:11'),(328,18,4,NULL,0,0,'2019-09-12 02:28:11','2019-09-12 02:28:11'),(329,4,4,'Singapore',0,0,'2019-09-12 02:28:12','2019-09-12 02:28:12'),(330,3,4,'Thailand',1,1,'2019-09-12 02:28:12','2019-09-12 02:28:12'),(331,6,4,'Singapore',0,0,'2019-09-12 02:28:12','2019-09-12 02:28:12'),(332,5,4,'Thailand',1,1,'2019-09-12 02:28:12','2019-09-12 02:28:12'),(333,15,4,'Thailand',1,1,'2019-09-12 02:28:12','2019-09-12 02:28:12'),(334,9,4,'Philippines',0,0,'2019-09-12 02:28:12','2019-09-12 02:28:12'),(335,8,5,'Indonesia',1,1,'2019-09-12 02:29:29','2019-09-12 02:29:29'),(336,10,5,'Indonesia',1,1,'2019-09-12 02:29:29','2019-09-12 02:29:29'),(337,15,5,'Indonesia',1,1,'2019-09-12 02:29:29','2019-09-12 02:29:29'),(338,17,5,NULL,0,0,'2019-09-12 02:29:30','2019-09-12 02:29:30'),(339,20,5,NULL,0,0,'2019-09-12 02:29:30','2019-09-12 02:29:30'),(340,14,5,'Malaysia',0,0,'2019-09-12 02:29:30','2019-09-12 02:29:30'),(341,16,5,'Indonesia',1,1,'2019-09-12 02:29:30','2019-09-12 02:29:30'),(342,13,5,'Indonesia',1,1,'2019-09-12 02:29:30','2019-09-12 02:29:30'),(343,12,5,'Malaysia',0,0,'2019-09-12 02:29:30','2019-09-12 02:29:30'),(344,11,5,'Philippines',0,0,'2019-09-12 02:29:30','2019-09-12 02:29:30'),(345,6,5,'Philippines',0,0,'2019-09-12 02:29:30','2019-09-12 02:29:30'),(346,18,5,NULL,0,0,'2019-09-12 02:29:30','2019-09-12 02:29:30'),(347,1,5,'Malaysia',0,0,'2019-09-12 02:29:30','2019-09-12 02:29:30'),(348,9,5,'Indonesia',1,1,'2019-09-12 02:29:30','2019-09-12 02:29:30'),(349,2,5,'Indonesia',1,1,'2019-09-12 02:29:31','2019-09-12 02:29:31'),(350,3,5,'Malaysia',0,0,'2019-09-12 02:29:31','2019-09-12 02:29:31'),(351,19,5,NULL,0,0,'2019-09-12 02:29:31','2019-09-12 02:29:31'),(352,4,5,'Indonesia',1,1,'2019-09-12 02:29:31','2019-09-12 02:29:31'),(353,7,5,'Indonesia',1,1,'2019-09-12 02:29:31','2019-09-12 02:29:31'),(354,5,5,'Indonesia',1,1,'2019-09-12 02:29:31','2019-09-12 02:29:31'),(355,2,6,'Reincarnation',1,1,'2019-09-12 02:30:48','2019-09-12 02:30:48'),(356,6,6,'Reincarnation',1,1,'2019-09-12 02:30:48','2019-09-12 02:30:48'),(357,7,6,'Reincarnation',1,1,'2019-09-12 02:30:48','2019-09-12 02:30:48'),(358,5,6,'Reincarnation',1,1,'2019-09-12 02:30:48','2019-09-12 02:30:48'),(359,20,6,NULL,0,0,'2019-09-12 02:30:48','2019-09-12 02:30:48'),(360,8,6,'Reincarnation',1,1,'2019-09-12 02:30:48','2019-09-12 02:30:48'),(361,16,6,'Reincarnation',1,1,'2019-09-12 02:30:48','2019-09-12 02:30:48'),(362,11,6,'Reincarnation',1,1,'2019-09-12 02:30:48','2019-09-12 02:30:48'),(363,18,6,NULL,0,0,'2019-09-12 02:30:48','2019-09-12 02:30:48'),(364,19,6,NULL,0,0,'2019-09-12 02:30:49','2019-09-12 02:30:49'),(365,15,6,'Reincarnation',1,1,'2019-09-12 02:30:49','2019-09-12 02:30:49'),(366,3,6,'Reincarnation',1,1,'2019-09-12 02:30:49','2019-09-12 02:30:49'),(367,17,6,NULL,0,0,'2019-09-12 02:30:49','2019-09-12 02:30:49'),(368,10,6,'Reincarnation',1,1,'2019-09-12 02:30:49','2019-09-12 02:30:49'),(369,13,6,'Reincarnation',1,1,'2019-09-12 02:30:49','2019-09-12 02:30:49'),(370,12,6,'Reincarnation',1,1,'2019-09-12 02:30:49','2019-09-12 02:30:49'),(371,1,6,'Reincarnation',1,1,'2019-09-12 02:30:49','2019-09-12 02:30:49'),(372,14,6,'Reincarnation',1,1,'2019-09-12 02:30:49','2019-09-12 02:30:49'),(373,9,6,'Reincarnation',1,1,'2019-09-12 02:30:49','2019-09-12 02:30:49'),(374,4,6,'Karma',0,0,'2019-09-12 02:30:50','2019-09-12 02:30:50'),(375,17,7,NULL,0,0,'2019-09-12 02:31:53','2019-09-12 02:31:53'),(376,18,7,NULL,0,0,'2019-09-12 02:31:53','2019-09-12 02:31:53'),(377,7,7,'Lim Jock Hoi',1,1,'2019-09-12 02:31:53','2019-09-12 02:31:53'),(378,15,7,'Thongloun Sisoulith',0,0,'2019-09-12 02:31:54','2019-09-12 02:31:54'),(379,2,7,'Lim Jock Hoi',1,1,'2019-09-12 02:31:54','2019-09-12 02:31:54'),(380,6,7,'Lim Jock Hoi',1,1,'2019-09-12 02:31:54','2019-09-12 02:31:54'),(381,10,7,'Lim Jock Hoi',1,1,'2019-09-12 02:31:54','2019-09-12 02:31:54'),(382,13,7,'Lim Jock Hoi',1,1,'2019-09-12 02:31:54','2019-09-12 02:31:54'),(383,9,7,'Lim Jock Hoi',1,1,'2019-09-12 02:31:54','2019-09-12 02:31:54'),(384,19,7,NULL,0,0,'2019-09-12 02:31:54','2019-09-12 02:31:54'),(385,14,7,'Lim Jock Hoi',1,1,'2019-09-12 02:31:54','2019-09-12 02:31:54'),(386,3,7,'Lim Jock Hoi',1,1,'2019-09-12 02:31:54','2019-09-12 02:31:54'),(387,11,7,'Lim Jock Hoi',1,1,'2019-09-12 02:31:54','2019-09-12 02:31:54'),(388,12,7,'Lim Jock Hoi',1,1,'2019-09-12 02:31:55','2019-09-12 02:31:55'),(389,1,7,'Thongloun Sisoulith',0,0,'2019-09-12 02:31:55','2019-09-12 02:31:55'),(390,8,7,'Lim Jock Hoi',1,1,'2019-09-12 02:31:55','2019-09-12 02:31:55'),(391,4,7,'Lim Jock Hoi',1,1,'2019-09-12 02:31:55','2019-09-12 02:31:55'),(392,5,7,'Lim Jock Hoi',1,1,'2019-09-12 02:31:55','2019-09-12 02:31:55'),(393,20,7,NULL,0,0,'2019-09-12 02:31:55','2019-09-12 02:31:55'),(394,16,7,'Lim Jock Hoi',1,1,'2019-09-12 02:31:55','2019-09-12 02:31:55'),(395,10,8,'Indonesia',1,1,'2019-09-12 02:33:00','2019-09-12 02:33:00'),(396,11,8,'Indonesia',1,1,'2019-09-12 02:33:01','2019-09-12 02:33:01'),(397,4,8,'Indonesia',1,1,'2019-09-12 02:33:01','2019-09-12 02:33:01'),(398,16,8,'Thailand',0,0,'2019-09-12 02:33:01','2019-09-12 02:33:01'),(399,6,8,'Indonesia',1,1,'2019-09-12 02:33:01','2019-09-12 02:33:01'),(400,9,8,'Indonesia',1,1,'2019-09-12 02:33:01','2019-09-12 02:33:01'),(401,18,8,NULL,0,0,'2019-09-12 02:33:01','2019-09-12 02:33:01'),(402,17,8,NULL,0,0,'2019-09-12 02:33:01','2019-09-12 02:33:01'),(403,5,8,'Indonesia',1,1,'2019-09-12 02:33:01','2019-09-12 02:33:01'),(404,20,8,NULL,0,0,'2019-09-12 02:33:01','2019-09-12 02:33:01'),(405,13,8,'Indonesia',1,1,'2019-09-12 02:33:01','2019-09-12 02:33:01'),(406,2,8,'Indonesia',1,1,'2019-09-12 02:33:01','2019-09-12 02:33:01'),(407,1,8,'Indonesia',1,1,'2019-09-12 02:33:02','2019-09-12 02:33:02'),(408,8,8,'Indonesia',1,1,'2019-09-12 02:33:02','2019-09-12 02:33:02'),(409,19,8,NULL,0,0,'2019-09-12 02:33:02','2019-09-12 02:33:02'),(410,14,8,'Indonesia',1,1,'2019-09-12 02:33:02','2019-09-12 02:33:02'),(411,15,8,'Indonesia',1,1,'2019-09-12 02:33:02','2019-09-12 02:33:02'),(412,3,8,'Indonesia',1,1,'2019-09-12 02:33:02','2019-09-12 02:33:02'),(413,7,8,'Indonesia',1,1,'2019-09-12 02:33:02','2019-09-12 02:33:02'),(414,12,8,'Indonesia',1,1,'2019-09-12 02:33:02','2019-09-12 02:33:02'),(415,11,9,'31st',1,1,'2019-09-12 02:34:14','2019-09-12 02:34:14'),(416,2,9,'31st',1,1,'2019-09-12 02:34:14','2019-09-12 02:34:14'),(417,4,9,'30th',0,0,'2019-09-12 02:34:14','2019-09-12 02:34:14'),(418,20,9,NULL,0,0,'2019-09-12 02:34:14','2019-09-12 02:34:14'),(419,16,9,'30th',0,0,'2019-09-12 02:34:14','2019-09-12 02:34:14'),(420,1,9,'32nd',0,0,'2019-09-12 02:34:14','2019-09-12 02:34:14'),(421,18,9,NULL,0,0,'2019-09-12 02:34:14','2019-09-12 02:34:14'),(422,14,9,'31st',1,1,'2019-09-12 02:34:14','2019-09-12 02:34:14'),(423,17,9,NULL,0,0,'2019-09-12 02:34:15','2019-09-12 02:34:15'),(424,3,9,'30th',0,0,'2019-09-12 02:34:15','2019-09-12 02:34:15'),(425,10,9,'32nd',0,0,'2019-09-12 02:34:15','2019-09-12 02:34:15'),(426,15,9,'31st',1,1,'2019-09-12 02:34:15','2019-09-12 02:34:15'),(427,13,9,'31st',1,1,'2019-09-12 02:34:15','2019-09-12 02:34:15'),(428,5,9,'32nd',0,0,'2019-09-12 02:34:15','2019-09-12 02:34:15'),(429,19,9,NULL,0,0,'2019-09-12 02:34:15','2019-09-12 02:34:15'),(430,9,9,'30th',0,0,'2019-09-12 02:34:15','2019-09-12 02:34:15'),(431,6,9,'30th',0,0,'2019-09-12 02:34:15','2019-09-12 02:34:15'),(432,8,9,'32nd',0,0,'2019-09-12 02:34:15','2019-09-12 02:34:15'),(433,12,9,'32nd',0,0,'2019-09-12 02:34:16','2019-09-12 02:34:16'),(434,7,9,'31st',1,1,'2019-09-12 02:34:16','2019-09-12 02:34:16'),(435,18,10,NULL,0,0,'2019-09-12 02:36:37','2019-09-12 02:36:37'),(436,5,10,'Bali',1,1,'2019-09-12 02:36:37','2019-09-12 02:36:37'),(437,16,10,'Jakarta',0,0,'2019-09-12 02:36:37','2019-09-12 02:36:37'),(438,13,10,'Bali',1,1,'2019-09-12 02:36:37','2019-09-12 02:36:37'),(439,10,10,'Bali',1,1,'2019-09-12 02:36:37','2019-09-12 02:36:37'),(440,12,10,'Bangkok',0,0,'2019-09-12 02:36:37','2019-09-12 02:36:37'),(441,1,10,'Bali',1,1,'2019-09-12 02:36:37','2019-09-12 02:36:37'),(442,9,10,'Bali',1,1,'2019-09-12 02:36:37','2019-09-12 02:36:37'),(443,14,10,'Bangkok',0,0,'2019-09-12 02:36:37','2019-09-12 02:36:37'),(444,15,10,'Bali',1,1,'2019-09-12 02:36:37','2019-09-12 02:36:37'),(445,19,10,NULL,0,0,'2019-09-12 02:36:38','2019-09-12 02:36:38'),(446,4,10,'Bali',1,1,'2019-09-12 02:36:38','2019-09-12 02:36:38'),(447,17,10,NULL,0,0,'2019-09-12 02:36:38','2019-09-12 02:36:38'),(448,8,10,'Bali',1,1,'2019-09-12 02:36:38','2019-09-12 02:36:38'),(449,2,10,'Bali',1,1,'2019-09-12 02:36:38','2019-09-12 02:36:38'),(450,11,10,'Bali',1,1,'2019-09-12 02:36:38','2019-09-12 02:36:38'),(451,7,10,'Bali',1,1,'2019-09-12 02:36:38','2019-09-12 02:36:38'),(452,6,10,'Jakarta',0,0,'2019-09-12 02:36:38','2019-09-12 02:36:38'),(453,3,10,'Bali',1,1,'2019-09-12 02:36:38','2019-09-12 02:36:38'),(454,20,10,NULL,0,0,'2019-09-12 02:36:38','2019-09-12 02:36:38'),(455,10,11,'1967',1,2,'2019-09-12 02:38:48','2019-09-12 02:38:48'),(456,13,11,'1967',1,2,'2019-09-12 02:38:48','2019-09-12 02:38:48'),(457,19,11,NULL,0,0,'2019-09-12 02:38:48','2019-09-12 02:38:48'),(458,3,11,'1967',1,2,'2019-09-12 02:38:49','2019-09-12 02:38:49'),(459,8,11,'1967',1,2,'2019-09-12 02:38:49','2019-09-12 02:38:49'),(460,11,11,'1967',1,2,'2019-09-12 02:38:49','2019-09-12 02:38:49'),(461,9,11,'1967',1,2,'2019-09-12 02:38:49','2019-09-12 02:38:49'),(462,1,11,'1967',1,2,'2019-09-12 02:38:49','2019-09-12 02:38:49'),(463,2,11,'1967',1,2,'2019-09-12 02:38:49','2019-09-12 02:38:49'),(464,18,11,NULL,0,0,'2019-09-12 02:38:49','2019-09-12 02:38:49'),(465,15,11,'1967',1,2,'2019-09-12 02:38:49','2019-09-12 02:38:49'),(466,16,11,'1967',1,2,'2019-09-12 02:38:49','2019-09-12 02:38:49'),(467,17,11,NULL,0,0,'2019-09-12 02:38:49','2019-09-12 02:38:49'),(468,5,11,'1967',1,2,'2019-09-12 02:38:49','2019-09-12 02:38:49'),(469,4,11,'1967',1,2,'2019-09-12 02:38:50','2019-09-12 02:38:50'),(470,20,11,NULL,0,0,'2019-09-12 02:38:50','2019-09-12 02:38:50'),(471,14,11,'1967',1,2,'2019-09-12 02:38:50','2019-09-12 02:38:50'),(472,12,11,'1967',1,2,'2019-09-12 02:38:50','2019-09-12 02:38:50'),(473,7,11,'1967',1,2,'2019-09-12 02:38:50','2019-09-12 02:38:50'),(474,6,11,'1967',1,2,'2019-09-12 02:38:50','2019-09-12 02:38:50'),(475,18,12,NULL,0,0,'2019-09-12 02:40:05','2019-09-12 02:40:05'),(476,7,12,'Vietnam',1,2,'2019-09-12 02:40:05','2019-09-12 02:40:05'),(477,4,12,'Vietnam',1,2,'2019-09-12 02:40:05','2019-09-12 02:40:05'),(478,12,12,'Vietnam',1,2,'2019-09-12 02:40:05','2019-09-12 02:40:05'),(479,16,12,'Vietnam',1,2,'2019-09-12 02:40:05','2019-09-12 02:40:05'),(480,10,12,'Vietnam',1,2,'2019-09-12 02:40:05','2019-09-12 02:40:05'),(481,17,12,NULL,0,0,'2019-09-12 02:40:05','2019-09-12 02:40:05'),(482,19,12,NULL,0,0,'2019-09-12 02:40:05','2019-09-12 02:40:05'),(483,5,12,'Vietnam',1,2,'2019-09-12 02:40:05','2019-09-12 02:40:05'),(484,2,12,'Vietnam',1,2,'2019-09-12 02:40:05','2019-09-12 02:40:05'),(485,13,12,'Vietnam',1,2,'2019-09-12 02:40:05','2019-09-12 02:40:05'),(486,8,12,'Vietnam',1,2,'2019-09-12 02:40:06','2019-09-12 02:40:06'),(487,9,12,'Vietnam',1,2,'2019-09-12 02:40:06','2019-09-12 02:40:06'),(488,15,12,'Vietnam',1,2,'2019-09-12 02:40:06','2019-09-12 02:40:06'),(489,11,12,'Vietnam',1,2,'2019-09-12 02:40:06','2019-09-12 02:40:06'),(490,14,12,'Vietnam',1,2,'2019-09-12 02:40:06','2019-09-12 02:40:06'),(491,20,12,NULL,0,0,'2019-09-12 02:40:06','2019-09-12 02:40:06'),(492,3,12,'Vietnam',1,2,'2019-09-12 02:40:06','2019-09-12 02:40:06'),(493,1,12,'Vietnam',1,2,'2019-09-12 02:40:06','2019-09-12 02:40:06'),(494,6,12,'Vietnam',1,2,'2019-09-12 02:40:06','2019-09-12 02:40:06'),(495,2,13,'territorial disputes',1,2,'2019-09-12 02:41:16','2019-09-12 02:41:16'),(496,20,13,NULL,0,0,'2019-09-12 02:41:16','2019-09-12 02:41:16'),(497,10,13,'territorial disputes',1,2,'2019-09-12 02:41:16','2019-09-12 02:41:16'),(498,5,13,'territorial disputes',1,2,'2019-09-12 02:41:16','2019-09-12 02:41:16'),(499,11,13,'territorial disputes',1,2,'2019-09-12 02:41:16','2019-09-12 02:41:16'),(500,12,13,'territorial disputes',1,2,'2019-09-12 02:41:16','2019-09-12 02:41:16'),(501,19,13,NULL,0,0,'2019-09-12 02:41:17','2019-09-12 02:41:17'),(502,16,13,'territorial disputes',1,2,'2019-09-12 02:41:17','2019-09-12 02:41:17'),(503,9,13,'territorial disputes',1,2,'2019-09-12 02:41:17','2019-09-12 02:41:17'),(504,18,13,NULL,0,0,'2019-09-12 02:41:17','2019-09-12 02:41:17'),(505,13,13,'territorial disputes',1,2,'2019-09-12 02:41:17','2019-09-12 02:41:17'),(506,15,13,'territorial disputes',1,2,'2019-09-12 02:41:17','2019-09-12 02:41:17'),(507,3,13,'territorial disputes',1,2,'2019-09-12 02:41:17','2019-09-12 02:41:17'),(508,17,13,NULL,0,0,'2019-09-12 02:41:17','2019-09-12 02:41:17'),(509,8,13,'territorial disputes',1,2,'2019-09-12 02:41:17','2019-09-12 02:41:17'),(510,6,13,'territorial disputes',1,2,'2019-09-12 02:41:17','2019-09-12 02:41:17'),(511,14,13,'territorial disputes',1,2,'2019-09-12 02:41:17','2019-09-12 02:41:17'),(512,1,13,'territorial disputes',1,2,'2019-09-12 02:41:18','2019-09-12 02:41:18'),(513,4,13,'territorial disputes',1,2,'2019-09-12 02:41:18','2019-09-12 02:41:18'),(514,7,13,'territorial disputes',1,2,'2019-09-12 02:41:18','2019-09-12 02:41:18'),(515,10,14,'Singapore',0,0,'2019-09-12 02:42:40','2019-09-12 02:42:40'),(516,12,14,NULL,0,0,'2019-09-12 02:42:40','2019-09-12 02:42:40'),(517,16,14,'Philippines',1,2,'2019-09-12 02:42:40','2019-09-12 02:42:40'),(518,15,14,'Thailand',0,0,'2019-09-12 02:42:40','2019-09-12 02:42:40'),(519,8,14,'Vietnam',0,0,'2019-09-12 02:42:40','2019-09-12 02:42:40'),(520,14,14,'Philippines',1,2,'2019-09-12 02:42:41','2019-09-12 02:42:41'),(521,17,14,NULL,0,0,'2019-09-12 02:42:41','2019-09-12 02:42:41'),(522,2,14,'Vietnam',0,0,'2019-09-12 02:42:41','2019-09-12 02:42:41'),(523,1,14,'Singapore',0,0,'2019-09-12 02:42:41','2019-09-12 02:42:41'),(524,19,14,NULL,0,0,'2019-09-12 02:42:41','2019-09-12 02:42:41'),(525,11,14,'Thailand',0,0,'2019-09-12 02:42:41','2019-09-12 02:42:41'),(526,4,14,'Philippines',1,2,'2019-09-12 02:42:41','2019-09-12 02:42:41'),(527,9,14,'Philippines',1,2,'2019-09-12 02:42:41','2019-09-12 02:42:41'),(528,20,14,NULL,0,0,'2019-09-12 02:42:41','2019-09-12 02:42:41'),(529,13,14,'Vietnam',0,0,'2019-09-12 02:42:41','2019-09-12 02:42:41'),(530,5,14,'Philippines',1,2,'2019-09-12 02:42:42','2019-09-12 02:42:42'),(531,18,14,NULL,0,0,'2019-09-12 02:42:42','2019-09-12 02:42:42'),(532,7,14,'Philippines',1,2,'2019-09-12 02:42:42','2019-09-12 02:42:42'),(533,6,14,'Singapore',0,0,'2019-09-12 02:42:42','2019-09-12 02:42:42'),(534,3,14,'Vietnam',0,0,'2019-09-12 02:42:42','2019-09-12 02:42:42'),(535,15,15,'Cambodia',1,2,'2019-09-12 02:43:58','2019-09-12 02:43:58'),(536,14,15,'Cambodia',1,2,'2019-09-12 02:43:58','2019-09-12 02:43:58'),(537,12,15,'Cambodia',1,2,'2019-09-12 02:43:58','2019-09-12 02:43:58'),(538,2,15,'Cambodia',1,2,'2019-09-12 02:43:58','2019-09-12 02:43:58'),(539,5,15,'Cambodia',1,2,'2019-09-12 02:43:58','2019-09-12 02:43:58'),(540,13,15,'Cambodia',1,2,'2019-09-12 02:43:59','2019-09-12 02:43:59'),(541,4,15,'Cambodia',1,2,'2019-09-12 02:43:59','2019-09-12 02:43:59'),(542,10,15,'Cambodia',1,2,'2019-09-12 02:43:59','2019-09-12 02:43:59'),(543,20,15,NULL,0,0,'2019-09-12 02:43:59','2019-09-12 02:43:59'),(544,19,15,NULL,0,0,'2019-09-12 02:43:59','2019-09-12 02:43:59'),(545,1,15,'Cambodia',1,2,'2019-09-12 02:43:59','2019-09-12 02:43:59'),(546,9,15,'Cambodia',1,2,'2019-09-12 02:43:59','2019-09-12 02:43:59'),(547,17,15,NULL,0,0,'2019-09-12 02:43:59','2019-09-12 02:43:59'),(548,18,15,NULL,0,0,'2019-09-12 02:43:59','2019-09-12 02:43:59'),(549,7,15,'Cambodia',1,2,'2019-09-12 02:43:59','2019-09-12 02:43:59'),(550,6,15,'Cambodia',1,2,'2019-09-12 02:43:59','2019-09-12 02:43:59'),(551,3,15,'Cambodia',1,2,'2019-09-12 02:44:00','2019-09-12 02:44:00'),(552,16,15,'Cambodia',1,2,'2019-09-12 02:44:00','2019-09-12 02:44:00'),(553,11,15,'Cambodia',1,2,'2019-09-12 02:44:00','2019-09-12 02:44:00'),(554,8,15,'Cambodia',1,2,'2019-09-12 02:44:00','2019-09-12 02:44:00'),(555,4,16,'Indonesia',0,0,'2019-09-12 02:45:01','2019-09-12 05:25:59'),(556,20,16,NULL,0,0,'2019-09-12 02:45:01','2019-09-12 02:45:01'),(557,13,16,'Singapore',1,2,'2019-09-12 02:45:01','2019-09-12 05:26:12'),(558,8,16,'Singapore',1,2,'2019-09-12 02:45:01','2019-09-12 05:26:05'),(559,12,16,'Malaysia',0,0,'2019-09-12 02:45:01','2019-09-12 02:45:01'),(560,9,16,'Cambodia',0,0,'2019-09-12 02:45:01','2019-09-12 02:45:01'),(561,15,16,'Singapore',1,2,'2019-09-12 02:45:01','2019-09-12 05:26:15'),(562,6,16,'Malaysia',0,0,'2019-09-12 02:45:01','2019-09-12 02:45:01'),(563,2,16,'Malaysia',0,0,'2019-09-12 02:45:01','2019-09-12 02:45:01'),(564,14,16,'Singapore',1,2,'2019-09-12 02:45:01','2019-09-12 05:26:14'),(565,16,16,'Indonesia',0,0,'2019-09-12 02:45:02','2019-09-12 05:26:17'),(566,3,16,'Indonesia',0,0,'2019-09-12 02:45:02','2019-09-12 05:25:58'),(567,10,16,'Indonesia',0,0,'2019-09-12 02:45:02','2019-09-12 05:26:09'),(568,19,16,NULL,0,0,'2019-09-12 02:45:02','2019-09-12 02:45:02'),(569,5,16,'Singapore',1,2,'2019-09-12 02:45:02','2019-09-12 05:26:01'),(570,17,16,NULL,0,0,'2019-09-12 02:45:02','2019-09-12 02:45:02'),(571,11,16,'Indonesia',0,0,'2019-09-12 02:45:02','2019-09-12 05:26:10'),(572,1,16,'Singapore',1,2,'2019-09-12 02:45:02','2019-09-12 05:25:55'),(573,18,16,NULL,0,0,'2019-09-12 02:45:02','2019-09-12 02:45:02'),(574,7,16,'Singapore',1,2,'2019-09-12 02:45:02','2019-09-12 05:26:05'),(575,17,17,NULL,0,0,'2019-09-12 02:46:27','2019-09-12 02:46:27'),(576,5,17,'Cambodia',0,0,'2019-09-12 02:46:27','2019-09-12 02:46:27'),(577,1,17,'Cambodia',0,0,'2019-09-12 02:46:27','2019-09-12 02:46:27'),(578,2,17,'Cambodia',0,0,'2019-09-12 02:46:27','2019-09-12 02:46:27'),(579,8,17,'Thailand',1,2,'2019-09-12 02:46:27','2019-09-12 02:46:27'),(580,15,17,'Cambodia',0,0,'2019-09-12 02:46:27','2019-09-12 02:46:27'),(581,7,17,'Cambodia',0,0,'2019-09-12 02:46:27','2019-09-12 02:46:27'),(582,4,17,'Indonesia',0,0,'2019-09-12 02:46:27','2019-09-12 02:46:27'),(583,20,17,NULL,0,0,'2019-09-12 02:46:27','2019-09-12 02:46:27'),(584,9,17,'Thailand',1,2,'2019-09-12 02:46:27','2019-09-12 02:46:27'),(585,10,17,'Cambodia',0,0,'2019-09-12 02:46:27','2019-09-12 02:46:27'),(586,13,17,'Thailand',1,2,'2019-09-12 02:46:28','2019-09-12 02:46:28'),(587,14,17,'Thailand',1,2,'2019-09-12 02:46:28','2019-09-12 02:46:28'),(588,6,17,'Cambodia',0,0,'2019-09-12 02:46:28','2019-09-12 02:46:28'),(589,18,17,NULL,0,0,'2019-09-12 02:46:28','2019-09-12 02:46:28'),(590,16,17,'Thailand',1,2,'2019-09-12 02:46:28','2019-09-12 02:46:28'),(591,12,17,'Indonesia',0,0,'2019-09-12 02:46:28','2019-09-12 02:46:28'),(592,11,17,'Cambodia',0,0,'2019-09-12 02:46:28','2019-09-12 02:46:28'),(593,3,17,'Cambodia',0,0,'2019-09-12 02:46:28','2019-09-12 02:46:28'),(594,19,17,NULL,0,0,'2019-09-12 02:46:28','2019-09-12 02:46:28'),(595,2,18,'megatrend',0,0,'2019-09-12 02:48:02','2019-09-12 02:48:02'),(596,19,18,NULL,0,0,'2019-09-12 02:48:02','2019-09-12 02:48:02'),(597,18,18,NULL,0,0,'2019-09-12 02:48:02','2019-09-12 02:48:02'),(598,20,18,NULL,0,0,'2019-09-12 02:48:02','2019-09-12 02:48:02'),(599,15,18,'Tourism',0,0,'2019-09-12 02:48:02','2019-09-12 02:48:02'),(600,13,18,'asean free lane',0,0,'2019-09-12 02:48:02','2019-09-12 02:48:02'),(601,12,18,'increased tou',0,0,'2019-09-12 02:48:02','2019-09-12 02:48:02'),(602,10,18,'promote tourism',1,2,'2019-09-12 02:48:02','2019-09-12 02:49:19'),(603,6,18,NULL,0,0,'2019-09-12 02:48:02','2019-09-12 02:48:02'),(604,16,18,'Free trad',0,0,'2019-09-12 02:48:03','2019-09-12 02:48:03'),(605,17,18,NULL,0,0,'2019-09-12 02:48:03','2019-09-12 02:48:03'),(606,11,18,NULL,0,0,'2019-09-12 02:48:03','2019-09-12 02:48:03'),(607,5,18,'increased tourism',1,2,'2019-09-12 02:48:03','2019-09-12 02:48:51'),(608,7,18,'Tourism',0,0,'2019-09-12 02:48:03','2019-09-12 02:48:03'),(609,4,18,'improve tourism',1,2,'2019-09-12 02:48:03','2019-09-12 02:48:48'),(610,1,18,'higher tourism rate',1,2,'2019-09-12 02:48:03','2019-09-12 02:48:36'),(611,14,18,'ASEAN Agreement on Movement of Natural Persons',0,0,'2019-09-12 02:48:03','2019-09-12 02:48:03'),(612,3,18,'increased tourism',1,2,'2019-09-12 02:48:03','2019-09-12 02:48:44'),(613,8,18,'North American Free trade ah',0,0,'2019-09-12 02:48:03','2019-09-12 02:48:03'),(614,9,18,NULL,0,0,'2019-09-12 02:48:03','2019-09-12 02:48:03'),(615,1,19,'west philippine sea',0,0,'2019-09-12 02:51:21','2019-09-12 02:51:21'),(616,18,19,NULL,0,0,'2019-09-12 02:51:22','2019-09-12 02:51:22'),(617,5,19,'Vietnam and Philippines',0,0,'2019-09-12 02:51:22','2019-09-12 02:51:22'),(618,13,19,'south china sea dispute',0,0,'2019-09-12 02:51:22','2019-09-12 02:51:22'),(619,16,19,'Thailand',0,0,'2019-09-12 02:51:22','2019-09-12 02:51:22'),(620,8,19,'west Philippine sea',0,0,'2019-09-12 02:51:22','2019-09-12 02:51:22'),(621,15,19,'South china sea territorial',0,0,'2019-09-12 02:51:22','2019-09-12 02:51:22'),(622,11,19,'west philippine sea',0,0,'2019-09-12 02:51:22','2019-09-12 02:51:22'),(623,4,19,'West Philippine Sea dispute',0,0,'2019-09-12 02:51:22','2019-09-12 02:51:22'),(624,20,19,NULL,0,0,'2019-09-12 02:51:22','2019-09-12 02:51:22'),(625,12,19,'China Philippines terri',0,0,'2019-09-12 02:51:22','2019-09-12 02:51:22'),(626,2,19,'south china sea',0,0,'2019-09-12 02:51:23','2019-09-12 02:51:23'),(627,14,19,'Scarborough Shoal',0,0,'2019-09-12 02:51:23','2019-09-12 02:51:23'),(628,10,19,'South China sea island',0,0,'2019-09-12 02:51:23','2019-09-12 02:51:23'),(629,7,19,'West Philippine Sea',0,0,'2019-09-12 02:51:23','2019-09-12 02:51:23'),(630,6,19,'South China Sea',0,0,'2019-09-12 02:51:23','2019-09-12 02:51:23'),(631,3,19,'west philippine sea',0,0,'2019-09-12 02:51:23','2019-09-12 02:51:23'),(632,19,19,NULL,0,0,'2019-09-12 02:51:23','2019-09-12 02:51:23'),(633,9,19,'South China Sea',0,0,'2019-09-12 02:51:23','2019-09-12 02:51:23'),(634,7,20,'Confusianism',0,0,'2019-09-12 02:53:22','2019-09-12 02:53:22'),(635,19,20,NULL,0,0,'2019-09-12 02:53:22','2019-09-12 02:53:22'),(636,9,20,'Buddis',0,0,'2019-09-12 02:53:22','2019-09-12 02:53:22'),(637,8,20,'Caste',0,0,'2019-09-12 02:53:22','2019-09-12 02:53:22'),(638,5,20,'Fung Shui',0,0,'2019-09-12 02:53:22','2019-09-12 05:26:53'),(639,16,20,NULL,0,0,'2019-09-12 02:53:22','2019-09-12 02:53:22'),(640,15,20,'Feng shui',1,2,'2019-09-12 02:53:22','2019-09-12 02:54:00'),(641,10,20,'Buddhism',0,0,'2019-09-12 02:53:22','2019-09-12 02:53:22'),(642,6,20,'Confucianism',0,0,'2019-09-12 02:53:23','2019-09-12 02:53:23'),(643,4,20,'Feng Shui',1,2,'2019-09-12 02:53:23','2019-09-12 02:53:46'),(644,1,20,NULL,0,0,'2019-09-12 02:53:23','2019-09-12 02:53:23'),(645,2,20,NULL,0,0,'2019-09-12 02:53:23','2019-09-12 02:53:23'),(646,20,20,NULL,0,0,'2019-09-12 02:53:23','2019-09-12 02:53:23'),(647,18,20,NULL,0,0,'2019-09-12 02:53:23','2019-09-12 02:53:23'),(648,17,20,NULL,0,0,'2019-09-12 02:53:23','2019-09-12 02:53:23'),(649,14,20,NULL,0,0,'2019-09-12 02:53:23','2019-09-12 02:53:23'),(650,13,20,'bilateral agreement',0,0,'2019-09-12 02:53:23','2019-09-12 02:53:23'),(651,3,20,'feng shui',1,2,'2019-09-12 02:53:23','2019-09-12 02:53:45'),(652,11,20,'zen',0,0,'2019-09-12 02:53:23','2019-09-12 02:53:23'),(653,12,20,'Confucia',0,0,'2019-09-12 02:53:24','2019-09-12 02:53:24'),(668,20,22,NULL,0,0,'2019-09-12 05:29:30','2019-09-12 05:29:30'),(669,9,22,'Interference in the internal affairs of one another.',1,3,'2019-09-12 05:29:30','2019-09-12 05:29:30'),(670,6,22,'Interference in the internal affairs of one another.',1,3,'2019-09-12 05:29:31','2019-09-12 05:29:31'),(671,14,22,'Interference in the internal affairs of one another.',1,3,'2019-09-12 05:29:31','2019-09-12 05:29:31'),(672,2,22,'Interference in the internal affairs of one another.',1,3,'2019-09-12 05:29:31','2019-09-12 05:29:31'),(673,10,22,'Interference in the internal affairs of one another.',1,3,'2019-09-12 05:29:31','2019-09-12 05:29:31'),(674,3,22,'Interference in the internal affairs of one another.',1,3,'2019-09-12 05:29:31','2019-09-12 05:29:31'),(675,12,22,'Interference in the internal affairs of one another.',1,3,'2019-09-12 05:29:31','2019-09-12 05:29:31'),(676,5,22,'Interference in the internal affairs of one another.',1,3,'2019-09-12 05:29:31','2019-09-12 05:29:31'),(677,11,22,'Interference in the internal affairs of one another.',1,3,'2019-09-12 05:29:31','2019-09-12 05:29:31'),(678,8,22,'Interference in the internal affairs of one another.',1,3,'2019-09-12 05:29:31','2019-09-12 05:29:31'),(679,16,22,'Interference in the internal affairs of one another.',1,3,'2019-09-12 05:29:32','2019-09-12 05:29:32'),(680,15,22,'Interference in the internal affairs of one another.',1,3,'2019-09-12 05:29:32','2019-09-12 05:29:32'),(681,1,22,'Interference in the internal affairs of one another.',1,3,'2019-09-12 05:29:32','2019-09-12 05:29:32'),(682,7,22,'Interference in the internal affairs of one another.',1,3,'2019-09-12 05:29:32','2019-09-12 05:29:32'),(683,13,22,'Interference in the internal affairs of one another.',1,3,'2019-09-12 05:29:32','2019-09-12 05:29:32'),(684,4,22,'Settlement of differences or disputes by peaceful manner.',0,0,'2019-09-12 05:29:32','2019-09-12 05:29:32'),(685,20,24,NULL,0,0,'2019-09-12 05:31:36','2019-09-12 05:31:36'),(686,8,24,'Operation Shakti',0,0,'2019-09-12 05:31:36','2019-09-12 05:31:36'),(687,10,24,'Smiling Buddha',1,3,'2019-09-12 05:31:36','2019-09-12 05:31:36'),(688,9,24,'The enlightenment',0,0,'2019-09-12 05:31:36','2019-09-12 05:31:36'),(689,11,24,'The enlightenment',0,0,'2019-09-12 05:31:36','2019-09-12 05:31:36'),(690,15,24,'Smiling Buddha',1,3,'2019-09-12 05:31:36','2019-09-12 05:31:36'),(691,7,24,'Smiling Buddha',1,3,'2019-09-12 05:31:36','2019-09-12 05:31:36'),(692,16,24,'The enlightenment',0,0,'2019-09-12 05:31:36','2019-09-12 05:31:36'),(693,12,24,'The enlightenment',0,0,'2019-09-12 05:31:37','2019-09-12 05:31:37'),(694,14,24,'Operation Shakti',0,0,'2019-09-12 05:31:37','2019-09-12 05:31:37'),(695,6,24,'Operation Shakti',0,0,'2019-09-12 05:31:37','2019-09-12 05:31:37'),(696,1,24,'Smiling Buddha',1,3,'2019-09-12 05:31:37','2019-09-12 05:31:37'),(697,13,24,'Smiling Buddha',1,3,'2019-09-12 05:31:37','2019-09-12 05:31:37'),(698,4,24,'Operation green',0,0,'2019-09-12 05:31:37','2019-09-12 05:31:37'),(699,5,24,'The enlightenment',0,0,'2019-09-12 05:31:37','2019-09-12 05:31:37'),(700,2,24,'Operation Shakti',0,0,'2019-09-12 05:31:37','2019-09-12 05:31:37'),(701,3,24,'Smiling Buddha',1,3,'2019-09-12 05:31:37','2019-09-12 05:31:37'),(702,20,26,NULL,0,0,'2019-09-12 05:33:16','2019-09-12 05:33:16'),(703,1,26,'Above the 16th parallel',1,3,'2019-09-12 05:33:16','2019-09-12 05:33:16'),(704,8,26,'Below the 16th parallel',0,0,'2019-09-12 05:33:16','2019-09-12 05:33:16'),(705,7,26,'Above the 16th parallel',1,3,'2019-09-12 05:33:16','2019-09-12 05:33:16'),(706,15,26,'Above the 16th parallel',1,3,'2019-09-12 05:33:17','2019-09-12 05:33:17'),(707,10,26,'Below the 38th parallel',0,0,'2019-09-12 05:33:17','2019-09-12 05:33:17'),(708,12,26,'Above the 16th parallel',1,3,'2019-09-12 05:33:17','2019-09-12 05:33:17'),(709,13,26,'Above the 16th parallel',1,3,'2019-09-12 05:33:17','2019-09-12 05:33:17'),(710,5,26,'Above the 16th parallel',1,3,'2019-09-12 05:33:17','2019-09-12 05:33:17'),(711,6,26,'Below the 16th parallel',0,0,'2019-09-12 05:33:17','2019-09-12 05:33:17'),(712,2,26,'Above the 16th parallel',1,3,'2019-09-12 05:33:17','2019-09-12 05:33:17'),(713,4,26,'Below the 38th parallel',0,0,'2019-09-12 05:33:17','2019-09-12 05:33:17'),(714,16,26,'Above the 16th parallel',1,3,'2019-09-12 05:33:17','2019-09-12 05:33:17'),(715,3,26,'Above the 16th parallel',1,3,'2019-09-12 05:33:17','2019-09-12 05:33:17'),(716,9,26,'Above the 16th parallel',1,3,'2019-09-12 05:33:18','2019-09-12 05:33:18'),(717,11,26,'Above the 16th parallel',1,3,'2019-09-12 05:33:18','2019-09-12 05:33:18'),(718,14,26,'Below the 16th parallel',0,0,'2019-09-12 05:33:18','2019-09-12 05:33:18'),(719,20,27,NULL,0,0,'2019-09-12 05:34:54','2019-09-12 05:34:54'),(720,3,27,'Ahimsa or kindness to all creatures',0,0,'2019-09-12 05:34:54','2019-09-12 05:34:54'),(721,11,27,'Ahimsa or kindness to all creatures',0,0,'2019-09-12 05:34:54','2019-09-12 05:34:54'),(722,15,27,'Passive non-cooperation',0,0,'2019-09-12 05:34:55','2019-09-12 05:34:55'),(723,14,27,'Satyagraha',1,3,'2019-09-12 05:34:55','2019-09-12 05:34:55'),(724,6,27,'Satyagraha',1,3,'2019-09-12 05:34:55','2019-09-12 05:34:55'),(725,8,27,'Satyagraha',1,3,'2019-09-12 05:34:55','2019-09-12 05:34:55'),(726,16,27,'Satyagraha',1,3,'2019-09-12 05:34:55','2019-09-12 05:34:55'),(727,1,27,'Passive non-cooperation',0,0,'2019-09-12 05:34:55','2019-09-12 05:34:55'),(728,10,27,'Ahimsa or kindness to all creatures',0,0,'2019-09-12 05:34:55','2019-09-12 05:34:55'),(729,12,27,'Ahimsa or kindness to all creatures',0,0,'2019-09-12 05:34:55','2019-09-12 05:34:55'),(730,9,27,'Passive non-cooperation',0,0,'2019-09-12 05:34:55','2019-09-12 05:34:55'),(731,2,27,'Ahimsa or kindness to all creatures',0,0,'2019-09-12 05:34:56','2019-09-12 05:34:56'),(732,7,27,'Ahimsa or kindness to all creatures',0,0,'2019-09-12 05:34:56','2019-09-12 05:34:56'),(733,4,27,'Satyagraha',1,3,'2019-09-12 05:34:56','2019-09-12 05:34:56'),(734,5,27,'Economic self-sufficiency',0,0,'2019-09-12 05:34:56','2019-09-12 05:34:56'),(735,13,27,'Satyagraha',1,3,'2019-09-12 05:34:56','2019-09-12 05:34:56'),(736,14,30,'Dharma',0,0,'2019-09-12 05:36:35','2019-09-12 05:36:35'),(737,9,30,'Dharma',0,0,'2019-09-12 05:36:35','2019-09-12 05:36:35'),(738,3,30,'Dharma',0,0,'2019-09-12 05:36:35','2019-09-12 05:36:35'),(739,8,30,'Moksha',0,0,'2019-09-12 05:36:35','2019-09-12 05:36:35'),(740,6,30,'Dharma',0,0,'2019-09-12 05:36:35','2019-09-12 05:36:35'),(741,2,30,'Dharma',0,0,'2019-09-12 05:36:35','2019-09-12 05:36:35'),(742,1,30,'Moksha',0,0,'2019-09-12 05:36:35','2019-09-12 05:36:35'),(743,16,30,'Dharma',0,0,'2019-09-12 05:36:35','2019-09-12 05:36:35'),(744,12,30,'Moksha',0,0,'2019-09-12 05:36:36','2019-09-12 05:36:36'),(745,10,30,'Dharma',0,0,'2019-09-12 05:36:36','2019-09-12 05:36:36'),(746,13,30,'Dharma',0,0,'2019-09-12 05:36:36','2019-09-12 05:36:36'),(747,4,30,'Dharma',0,0,'2019-09-12 05:36:36','2019-09-12 05:36:36'),(748,5,30,'Moksha',0,0,'2019-09-12 05:36:36','2019-09-12 05:36:36'),(749,15,30,'Dharma',0,0,'2019-09-12 05:36:36','2019-09-12 05:36:36'),(750,7,30,'Dharma',0,0,'2019-09-12 05:36:36','2019-09-12 05:36:36'),(751,11,30,'Artha',1,3,'2019-09-12 05:36:36','2019-09-12 05:36:36'),(752,9,21,'1sr',0,0,'2019-09-12 05:40:13','2019-09-12 05:40:13'),(753,13,21,'First pillar',0,0,'2019-09-12 05:40:13','2019-09-12 05:40:13'),(754,8,21,'Asean economic community',0,0,'2019-09-12 05:40:13','2019-09-12 05:40:13'),(755,14,21,'ASEAN Mentorship on Entrepreneurs Network',0,0,'2019-09-12 05:40:13','2019-09-12 05:40:13'),(756,15,21,'asean free trade area',0,0,'2019-09-12 05:40:13','2019-09-12 05:40:13'),(757,1,21,'Asean economic community',0,0,'2019-09-12 05:40:13','2019-09-12 05:40:13'),(758,4,21,'ASEAN free trade agreement',0,0,'2019-09-12 05:40:14','2019-09-12 05:40:14'),(759,10,21,'Asean economic community',0,0,'2019-09-12 05:40:14','2019-09-12 05:40:14'),(760,11,21,'AEC',0,0,'2019-09-12 05:40:14','2019-09-12 05:40:14'),(761,16,21,'ASEAN economic community',0,0,'2019-09-12 05:40:14','2019-09-12 05:40:14'),(762,6,21,'ASEAN Economic community',0,0,'2019-09-12 05:40:14','2019-09-12 05:40:14'),(763,5,21,'ASEAN Economic Community',0,0,'2019-09-12 05:40:14','2019-09-12 05:40:14'),(764,12,21,'AEC',0,0,'2019-09-12 05:40:14','2019-09-12 05:40:14'),(765,3,21,'competitive economic region',0,0,'2019-09-12 05:40:14','2019-09-12 05:40:14'),(766,7,21,'ASEAN Socio Cultural C',0,0,'2019-09-12 05:40:14','2019-09-12 05:40:14'),(767,2,21,'ASEAN economic coordinating council',0,0,'2019-09-12 05:40:14','2019-09-12 05:40:14'),(768,8,23,'free trade',0,0,'2019-09-12 05:43:54','2019-09-12 05:43:54'),(769,14,23,'ASEAN Free Trade',0,0,'2019-09-12 05:43:54','2019-09-12 05:43:54'),(770,10,23,'Free trade',0,0,'2019-09-12 05:43:54','2019-09-12 05:43:54'),(771,1,23,'Free trade  area',0,0,'2019-09-12 05:43:54','2019-09-12 05:43:54'),(772,13,23,'Free trade',0,0,'2019-09-12 05:43:54','2019-09-12 05:43:54'),(773,15,23,'competitive production and export capac',0,0,'2019-09-12 05:43:54','2019-09-12 05:43:54'),(774,9,23,'tariff finder',0,0,'2019-09-12 05:43:54','2019-09-12 05:43:54'),(775,16,23,'ASEAN free trade',0,0,'2019-09-12 05:43:54','2019-09-12 05:43:54'),(776,6,23,'Fair competition',0,0,'2019-09-12 05:43:54','2019-09-12 05:43:54'),(777,11,23,'production and export',0,0,'2019-09-12 05:43:54','2019-09-12 05:43:54'),(778,3,23,'competitive economic region',1,3,'2019-09-12 05:43:55','2019-09-12 05:44:23'),(779,2,23,'Production',0,0,'2019-09-12 05:43:55','2019-09-12 05:43:55'),(780,7,23,'ASEAN socio cultural com',0,0,'2019-09-12 05:43:55','2019-09-12 05:43:55'),(781,12,23,'competitiveness of its production',0,0,'2019-09-12 05:43:55','2019-09-12 05:43:55'),(782,4,23,'APSC',0,0,'2019-09-12 05:43:55','2019-09-12 05:43:55'),(783,5,23,'Afta',0,0,'2019-09-12 05:43:55','2019-09-12 05:43:55'),(784,1,25,'Business integration',0,0,'2019-09-12 05:46:13','2019-09-12 05:46:13'),(785,10,25,'AEC Collective benefits',0,0,'2019-09-12 05:46:13','2019-09-12 05:46:13'),(786,13,25,'Free trade',0,0,'2019-09-12 05:46:13','2019-09-12 05:46:13'),(787,8,25,'AEC',0,0,'2019-09-12 05:46:13','2019-09-12 05:46:13'),(788,14,25,'ASEAN Business Economic Integration',0,0,'2019-09-12 05:46:13','2019-09-12 05:46:13'),(789,7,25,'micro smal',0,0,'2019-09-12 05:46:13','2019-09-12 05:46:13'),(790,9,25,NULL,0,0,'2019-09-12 05:46:13','2019-09-12 05:46:13'),(791,2,25,'ASEAN Business Integration',0,0,'2019-09-12 05:46:13','2019-09-12 05:46:13'),(792,5,25,'Inclusive integration',0,0,'2019-09-12 05:46:13','2019-09-12 05:46:13'),(793,12,25,'asean economic connectivity',0,0,'2019-09-12 05:46:13','2019-09-12 05:46:13'),(794,11,25,'production base',0,0,'2019-09-12 05:46:13','2019-09-12 05:46:13'),(795,4,25,'ASEAN Sociocultural Community',0,0,'2019-09-12 05:46:14','2019-09-12 05:46:14'),(796,16,25,'integrating Asean to global economy',0,0,'2019-09-12 05:46:14','2019-09-12 05:46:14'),(797,3,25,'equitable economic development',1,3,'2019-09-12 05:46:14','2019-09-12 05:46:42'),(798,6,25,'Market Economy',0,0,'2019-09-12 05:46:14','2019-09-12 05:46:14'),(799,15,25,'hi',0,0,'2019-09-12 05:46:14','2019-09-12 05:46:14'),(800,7,28,'social economic community',0,0,'2019-09-12 05:48:28','2019-09-12 05:48:28'),(801,3,28,'integration to global economy',1,3,'2019-09-12 05:48:28','2019-09-12 05:49:00'),(802,14,28,'GLOBAL ECONOMY INTEGRATION',1,3,'2019-09-12 05:48:28','2019-09-12 05:49:46'),(803,9,28,'asean economic community',0,0,'2019-09-12 05:48:28','2019-09-12 05:48:28'),(804,13,28,'Internal integration',0,0,'2019-09-12 05:48:28','2019-09-12 05:48:28'),(805,4,28,'Initiative for ASEAN Integration',0,0,'2019-09-12 05:48:28','2019-09-12 05:48:28'),(806,16,28,'integrating ASEAN to global economy',1,3,'2019-09-12 05:48:28','2019-09-12 05:49:54'),(807,10,28,'Free world market',0,0,'2019-09-12 05:48:28','2019-09-12 05:48:28'),(808,6,28,'Fair competition',0,0,'2019-09-12 05:48:28','2019-09-12 05:48:28'),(809,1,28,'Open economic market',0,0,'2019-09-12 05:48:28','2019-09-12 05:48:28'),(810,12,28,'ASEAN economic connectivity',0,0,'2019-09-12 05:48:29','2019-09-12 05:48:29'),(811,8,28,'Asean economic integration',0,0,'2019-09-12 05:48:29','2019-09-12 05:48:29'),(812,5,28,'Fully global integrated market',0,0,'2019-09-12 05:48:29','2019-09-12 05:48:29'),(813,2,28,'ASEAN integrated global economy',1,3,'2019-09-12 05:48:29','2019-09-12 05:48:56'),(814,11,28,'global economic community',0,0,'2019-09-12 05:48:29','2019-09-12 05:48:29'),(815,15,28,'globalization',0,0,'2019-09-12 05:48:29','2019-09-12 05:48:29'),(816,11,29,'nguyen phu trong',0,0,'2019-09-12 05:51:40','2019-09-12 05:51:40'),(817,6,29,NULL,0,0,'2019-09-12 05:51:40','2019-09-12 05:51:40'),(818,12,29,'Le loung minh',0,0,'2019-09-12 05:51:40','2019-09-12 05:51:40'),(819,15,29,NULL,0,0,'2019-09-12 05:51:40','2019-09-12 05:51:40'),(820,1,29,NULL,0,0,'2019-09-12 05:51:40','2019-09-12 05:51:40'),(821,10,29,'mr. prime minister',0,0,'2019-09-12 05:51:40','2019-09-12 05:51:40'),(822,9,29,'hyati ismail',0,0,'2019-09-12 05:51:40','2019-09-12 05:51:40'),(823,7,29,'tun abdul razak',0,0,'2019-09-12 05:51:40','2019-09-12 05:51:40'),(824,8,29,'joko widodo',0,0,'2019-09-12 05:51:41','2019-09-12 05:51:41'),(825,14,29,'Mahathir Mohamad',0,0,'2019-09-12 05:51:41','2019-09-12 05:51:41'),(826,13,29,'Tun Abdul Rajak',0,0,'2019-09-12 05:51:41','2019-09-12 05:51:41'),(827,4,29,'mahathir mohamad',0,0,'2019-09-12 05:51:41','2019-09-12 05:51:41'),(828,16,29,'Tun Abdul Razak',0,0,'2019-09-12 05:51:41','2019-09-12 05:51:41'),(829,5,29,'Prime minister rajik',0,0,'2019-09-12 05:51:41','2019-09-12 05:51:41'),(830,3,29,'Dr. Mohathir Mohamad',0,0,'2019-09-12 05:51:41','2019-09-12 05:51:41'),(831,2,29,'Lee Shan loong',0,0,'2019-09-12 05:51:41','2019-09-12 05:51:41'),(832,10,31,NULL,0,0,'2019-09-12 05:59:00','2019-09-12 05:59:00'),(833,4,31,NULL,0,0,'2019-09-12 05:59:00','2019-09-12 05:59:00'),(834,15,31,'The three trigrams indicate the duality of opposites and balances.',0,0,'2019-09-12 05:59:01','2019-09-12 05:59:01'),(835,13,31,NULL,0,0,'2019-09-12 05:59:01','2019-09-12 05:59:01'),(836,14,31,NULL,0,0,'2019-09-12 05:59:01','2019-09-12 05:59:01'),(837,9,31,NULL,0,0,'2019-09-12 05:59:01','2019-09-12 05:59:01'),(838,12,31,'Symbolic of the nation is the white background',1,1,'2019-09-12 05:59:01','2019-09-12 05:59:01'),(839,1,31,NULL,0,0,'2019-09-12 05:59:01','2019-09-12 05:59:01'),(840,8,31,NULL,0,0,'2019-09-12 05:59:01','2019-09-12 05:59:01'),(841,2,31,NULL,0,0,'2019-09-12 05:59:01','2019-09-12 05:59:01'),(842,6,31,NULL,0,0,'2019-09-12 05:59:01','2019-09-12 05:59:01'),(843,3,31,NULL,0,0,'2019-09-12 05:59:01','2019-09-12 05:59:01'),(844,7,31,'The three trigrams indicate the duality of opposites and balances.',0,0,'2019-09-12 05:59:01','2019-09-12 05:59:01'),(845,11,31,NULL,0,0,'2019-09-12 05:59:02','2019-09-12 05:59:02'),(846,5,31,NULL,0,0,'2019-09-12 05:59:02','2019-09-12 05:59:02'),(847,16,31,NULL,0,0,'2019-09-12 05:59:02','2019-09-12 05:59:02'),(848,6,33,NULL,0,0,'2019-09-12 06:01:45','2019-09-12 06:01:45'),(849,9,33,NULL,0,0,'2019-09-12 06:01:45','2019-09-12 06:01:45'),(850,13,33,NULL,0,0,'2019-09-12 06:01:45','2019-09-12 06:01:45'),(851,14,33,NULL,0,0,'2019-09-12 06:01:45','2019-09-12 06:01:45'),(852,1,33,NULL,0,0,'2019-09-12 06:01:45','2019-09-12 06:01:45'),(853,8,33,NULL,0,0,'2019-09-12 06:01:45','2019-09-12 06:01:45'),(854,4,33,NULL,0,0,'2019-09-12 06:01:45','2019-09-12 06:01:45'),(855,5,33,NULL,0,0,'2019-09-12 06:01:45','2019-09-12 06:01:45'),(856,15,33,'free trade among asean member',1,1,'2019-09-12 06:01:45','2019-09-12 06:01:45'),(857,11,33,NULL,0,0,'2019-09-12 06:01:45','2019-09-12 06:01:45'),(858,10,33,NULL,0,0,'2019-09-12 06:01:45','2019-09-12 06:01:45'),(859,7,33,'A',0,0,'2019-09-12 06:01:46','2019-09-12 06:01:46'),(860,12,33,NULL,0,0,'2019-09-12 06:01:46','2019-09-12 06:01:46'),(861,16,33,NULL,0,0,'2019-09-12 06:01:46','2019-09-12 06:01:46'),(862,2,33,NULL,0,0,'2019-09-12 06:01:46','2019-09-12 06:01:46'),(863,10,34,NULL,0,0,'2019-09-12 06:03:16','2019-09-12 06:03:16'),(864,7,34,'european union',0,0,'2019-09-12 06:03:16','2019-09-12 06:03:16'),(865,9,34,NULL,0,0,'2019-09-12 06:03:16','2019-09-12 06:03:16'),(866,14,34,NULL,0,0,'2019-09-12 06:03:16','2019-09-12 06:03:16'),(867,2,34,NULL,0,0,'2019-09-12 06:03:16','2019-09-12 06:03:16'),(868,13,34,NULL,0,0,'2019-09-12 06:03:16','2019-09-12 06:03:16'),(869,16,34,NULL,0,0,'2019-09-12 06:03:16','2019-09-12 06:03:16'),(870,11,34,NULL,0,0,'2019-09-12 06:03:16','2019-09-12 06:03:16'),(871,15,34,'fear of communism and economicsbenefits',1,1,'2019-09-12 06:03:16','2019-09-12 06:03:59'),(872,8,34,NULL,0,0,'2019-09-12 06:03:17','2019-09-12 06:03:17'),(873,1,34,NULL,0,0,'2019-09-12 06:03:17','2019-09-12 06:03:17'),(874,5,34,NULL,0,0,'2019-09-12 06:03:17','2019-09-12 06:03:17'),(875,6,34,NULL,0,0,'2019-09-12 06:03:17','2019-09-12 06:03:17'),(876,4,34,NULL,0,0,'2019-09-12 06:03:17','2019-09-12 06:03:17'),(877,12,34,'one nation and economic gr',0,0,'2019-09-12 06:03:17','2019-09-12 06:03:17'),(878,14,35,'REGIONAL COOPERATION ON ECONOMIC PROTECTION',0,0,'2019-09-12 06:05:41','2019-09-12 06:05:41'),(879,4,35,NULL,0,0,'2019-09-12 06:05:41','2019-09-12 06:05:41'),(880,9,35,NULL,0,0,'2019-09-12 06:05:42','2019-09-12 06:05:42'),(881,7,35,NULL,0,0,'2019-09-12 06:05:42','2019-09-12 06:05:42'),(882,8,35,NULL,0,0,'2019-09-12 06:05:42','2019-09-12 06:05:42'),(883,16,35,NULL,0,0,'2019-09-12 06:05:42','2019-09-12 06:05:42'),(884,6,35,NULL,0,0,'2019-09-12 06:05:42','2019-09-12 06:05:42'),(885,15,35,NULL,0,0,'2019-09-12 06:05:42','2019-09-12 06:05:42'),(886,5,35,'Regional cooperation and economic',0,0,'2019-09-12 06:05:42','2019-09-12 06:05:42'),(887,1,35,NULL,0,0,'2019-09-12 06:05:42','2019-09-12 06:05:42'),(888,11,35,'r',0,0,'2019-09-12 06:05:42','2019-09-12 06:05:42'),(889,12,35,NULL,0,0,'2019-09-12 06:05:42','2019-09-12 06:05:42'),(890,2,35,NULL,0,0,'2019-09-12 06:05:42','2019-09-12 06:05:42'),(891,13,35,NULL,0,0,'2019-09-12 06:05:43','2019-09-12 06:05:43'),(892,10,35,NULL,0,0,'2019-09-12 06:05:43','2019-09-12 06:05:43'),(893,13,36,NULL,0,0,'2019-09-12 06:07:03','2019-09-12 06:07:03'),(894,14,36,'NARCISO RAMOS',0,0,'2019-09-12 06:07:03','2019-09-12 06:07:33'),(895,16,36,NULL,0,0,'2019-09-12 06:07:03','2019-09-12 06:07:03'),(896,7,36,NULL,1,1,'2019-09-12 06:07:03','2019-09-12 06:07:03'),(897,2,36,NULL,0,0,'2019-09-12 06:07:03','2019-09-12 06:07:03'),(898,15,36,NULL,0,0,'2019-09-12 06:07:03','2019-09-12 06:07:03'),(899,11,36,NULL,0,0,'2019-09-12 06:07:04','2019-09-12 06:07:04'),(900,5,36,'Narciso Ramos',0,0,'2019-09-12 06:07:04','2019-09-12 06:07:29'),(901,8,36,'narciso r. ramos',0,0,'2019-09-12 06:07:04','2019-09-12 06:07:04'),(902,4,36,'narciso r. ramos',0,0,'2019-09-12 06:07:04','2019-09-12 06:07:04'),(903,6,36,NULL,0,0,'2019-09-12 06:07:04','2019-09-12 06:07:04'),(904,10,36,'Narciso R. Ramos',0,0,'2019-09-12 06:07:04','2019-09-12 06:07:04'),(905,12,36,'narciso g reyes',0,0,'2019-09-12 06:07:04','2019-09-12 06:07:04'),(906,1,36,'Narciso Ramos',0,0,'2019-09-12 06:07:04','2019-09-12 06:07:04'),(907,9,36,NULL,0,0,'2019-09-12 06:07:04','2019-09-12 06:07:04'),(908,6,37,NULL,0,0,'2019-09-12 06:08:18','2019-09-12 06:08:18'),(909,9,37,NULL,0,0,'2019-09-12 06:08:18','2019-09-12 06:08:18'),(910,13,37,NULL,0,0,'2019-09-12 06:08:19','2019-09-12 06:08:19'),(911,14,37,'ADVANCING PARTNERSHIP FOR SUSTAINABILITY',1,1,'2019-09-12 06:08:19','2019-09-12 06:10:09'),(912,1,37,'Advancing su',0,0,'2019-09-12 06:08:19','2019-09-12 06:08:19'),(913,8,37,NULL,0,0,'2019-09-12 06:08:19','2019-09-12 06:08:19'),(914,11,37,NULL,0,0,'2019-09-12 06:08:19','2019-09-12 06:08:19'),(915,15,37,NULL,0,0,'2019-09-12 06:08:19','2019-09-12 06:08:19'),(916,5,37,'Advancing partnership for sustainability and de',0,0,'2019-09-12 06:08:19','2019-09-12 06:08:19'),(917,4,37,'Advancing Partnership for Sustainability',0,0,'2019-09-12 06:08:19','2019-09-12 06:08:19'),(918,2,37,'I',0,0,'2019-09-12 06:08:19','2019-09-12 06:08:19'),(919,16,37,NULL,0,0,'2019-09-12 06:08:19','2019-09-12 06:08:19'),(920,12,37,'advancing partnership for sustainability',0,0,'2019-09-12 06:08:19','2019-09-12 06:08:19'),(921,7,37,'fighting',0,0,'2019-09-12 06:08:20','2019-09-12 06:08:20'),(922,10,37,'Advancing Partnership for Sutainability',0,0,'2019-09-12 06:08:20','2019-09-12 06:08:20');
/*!40000 ALTER TABLE `team_answers` ENABLE KEYS */;
UNLOCK TABLES;

--
-- Table structure for table `teams`
--

DROP TABLE IF EXISTS `teams`;
/*!40101 SET @saved_cs_client     = @@character_set_client */;
/*!40101 SET character_set_client = utf8 */;
CREATE TABLE `teams` (
  `id` int(10) unsigned NOT NULL AUTO_INCREMENT,
  `name` varchar(255) COLLATE utf8mb4_unicode_ci NOT NULL,
  `user_id` int(10) unsigned NOT NULL,
  `created_at` timestamp NULL DEFAULT NULL,
  `updated_at` timestamp NULL DEFAULT NULL,
  PRIMARY KEY (`id`)
) ENGINE=InnoDB AUTO_INCREMENT=21 DEFAULT CHARSET=utf8mb4 COLLATE=utf8mb4_unicode_ci;
/*!40101 SET character_set_client = @saved_cs_client */;

--
-- Dumping data for table `teams`
--

LOCK TABLES `teams` WRITE;
/*!40000 ALTER TABLE `teams` DISABLE KEYS */;
INSERT INTO `teams` VALUES (1,'Team1',2,NULL,NULL),(2,'Team2',3,NULL,NULL),(3,'Team3',4,NULL,NULL),(4,'Team4',5,NULL,NULL),(5,'Team5',6,NULL,NULL),(6,'Team6',7,NULL,NULL),(7,'Team7',8,NULL,NULL),(8,'Team8',9,NULL,NULL),(9,'Team9',10,NULL,NULL),(10,'Team10',11,NULL,NULL),(11,'Team11',12,NULL,NULL),(12,'Team12',13,NULL,NULL),(13,'Team13',14,NULL,NULL),(14,'Team14',15,NULL,NULL),(15,'Team15',16,NULL,NULL),(16,'Team16',17,NULL,NULL),(17,'Team17',18,NULL,NULL),(18,'Team18',19,NULL,NULL),(19,'Team19',20,NULL,NULL),(20,'Team20',21,NULL,NULL);
/*!40000 ALTER TABLE `teams` ENABLE KEYS */;
UNLOCK TABLES;

--
-- Table structure for table `users`
--

DROP TABLE IF EXISTS `users`;
/*!40101 SET @saved_cs_client     = @@character_set_client */;
/*!40101 SET character_set_client = utf8 */;
CREATE TABLE `users` (
  `id` bigint(20) unsigned NOT NULL AUTO_INCREMENT,
  `username` varchar(255) COLLATE utf8mb4_unicode_ci NOT NULL,
  `type` varchar(255) COLLATE utf8mb4_unicode_ci NOT NULL,
  `password` varchar(255) COLLATE utf8mb4_unicode_ci NOT NULL,
  `remember_token` varchar(100) COLLATE utf8mb4_unicode_ci DEFAULT NULL,
  `created_at` timestamp NULL DEFAULT NULL,
  `updated_at` timestamp NULL DEFAULT NULL,
  PRIMARY KEY (`id`)
) ENGINE=InnoDB AUTO_INCREMENT=22 DEFAULT CHARSET=utf8mb4 COLLATE=utf8mb4_unicode_ci;
/*!40101 SET character_set_client = @saved_cs_client */;

--
-- Dumping data for table `users`
--

LOCK TABLES `users` WRITE;
/*!40000 ALTER TABLE `users` DISABLE KEYS */;
INSERT INTO `users` VALUES (1,'QuizMaster','quiz_master','$2y$10$e4lfRzNin20Z6zIm/jZTSeRnppLXGZksjppJyamWWBzYSAEOdiOGy',NULL,'2019-09-11 01:18:34','2019-09-11 01:18:34'),(2,'Team1','participant','$2y$10$FCuKGHa6yHtOUmJS/7bNe.bpp7EW/l8uIIs02sFlZ5YtURaK1z40i',NULL,'2019-09-11 01:18:34','2019-09-11 01:18:34'),(3,'Team2','participant','$2y$10$Aa3jko90ZETkeD5gPPsSUOvu9oebACNu0kc4R5.X6usZ4KXwsl4xu',NULL,'2019-09-11 01:18:34','2019-09-11 01:18:34'),(4,'Team3','participant','$2y$10$xRzcvZ.DPAC7JME/ANSKz.lZwKVArnbXIwHdGe6E1wLpPoXAdpFvG',NULL,'2019-09-11 01:18:34','2019-09-11 01:18:34'),(5,'Team4','participant','$2y$10$aMRjHimZpdr3CojIM5smDev9i1E5RzJ09G5Kqz455HVclLQJBeZdm',NULL,'2019-09-11 01:18:34','2019-09-11 01:18:34'),(6,'Team5','participant','$2y$10$4jDvU23m3i2VwmFOAqjEGeM8GvbcBt5p7iia50kwflIbGs8OQWw/C',NULL,'2019-09-11 01:18:34','2019-09-11 01:18:34'),(7,'Team6','participant','$2y$10$UhPfP6vhTbLGu.XBjz52NeGJBv6GAEGpDCXlF6An/Ks0eQPciyAQW',NULL,'2019-09-11 01:18:34','2019-09-11 01:18:34'),(8,'Team7','participant','$2y$10$S5FEgZCuQq.m.HjKGKB2Xecvtp0JDDKzEFj.i2JC0hD1cUuN9gsQO',NULL,'2019-09-11 01:18:35','2019-09-11 01:18:35'),(9,'Team8','participant','$2y$10$sj2IUwgffnk8jNshJad0H.kzrSRfHJVhLkE/jx/iJo9eyETYo1NxG',NULL,'2019-09-11 01:18:35','2019-09-11 01:18:35'),(10,'Team9','participant','$2y$10$.DcnKnTfU8O/crqmmjcPWOQKS7hAhTP0iMJdhHC95nqlS5.6VCIWK',NULL,'2019-09-11 01:18:35','2019-09-11 01:18:35'),(11,'Team10','participant','$2y$10$vAwil6tPRt40Td3awcqUWuPCyYgKVwTGpb1xpirJtb6HB321KUY/a',NULL,'2019-09-11 01:18:35','2019-09-11 01:18:35'),(12,'Team11','participant','$2y$10$.VBmIrUq2EGd.JDXP3uUNeazLuSwIsVmaeGOUji9CnlFWwDWG4jlu',NULL,'2019-09-11 01:18:35','2019-09-11 01:18:35'),(13,'Team12','participant','$2y$10$0Q8v4Aj/TK8K7vYus3Uu.eSILHfkNF23yQuVoywbVeM3u1MYRss4C',NULL,'2019-09-11 01:18:35','2019-09-11 01:18:35'),(14,'Team13','participant','$2y$10$P4HpG0U0HbBttOaExMIkUuIuUI/KGqdhmD7s0Wz5hFSGS6fGv1LIa',NULL,'2019-09-11 01:18:35','2019-09-11 01:18:35'),(15,'Team14','participant','$2y$10$PHnbZmmcOpZPMAkfuzYvH.C5U3nTHcp5mxllf.sOJFIz.elWRUXQ.',NULL,'2019-09-11 01:18:35','2019-09-11 01:18:35'),(16,'Team15','participant','$2y$10$fq6agK.Nwp8qLgA7s7jt3uFHlQoeVzEl8riiMr9beaAl8oNnAoL0q',NULL,'2019-09-11 01:18:35','2019-09-11 01:18:35'),(17,'Team16','participant','$2y$10$nqlMAuKWDmhn4q8o3dCHZeBGZO5m3j0MyeJ9GUF4PZlImyy7Nctii',NULL,'2019-09-11 01:18:35','2019-09-11 01:18:35'),(18,'Team17','participant','$2y$10$jeyaTzIIK7.yglFpPZgeUOM8Iyz0OSYo91vTXoEWN6GFixz.QmIiq',NULL,'2019-09-11 01:18:35','2019-09-11 01:18:35'),(19,'Team18','participant','$2y$10$WTUKvs2UMdYh4gg3w36SSeIXRYUol49tPk0XHmzwJBOV7hTirtyDS',NULL,'2019-09-11 01:18:36','2019-09-11 01:18:36'),(20,'Team19','participant','$2y$10$2VNuyAwgI6PPc1PZWyuSEuwbw/X8256qgK/J0pFr3XPf1ygo99.ua',NULL,'2019-09-11 01:18:36','2019-09-11 01:18:36'),(21,'Team20','participant','$2y$10$mRgpTURFhfq9JXhwGEBQMuAcXkRH2CNhhMva/pwGdDXIomNAw.rOa',NULL,'2019-09-11 01:18:36','2019-09-11 01:18:36');
/*!40000 ALTER TABLE `users` ENABLE KEYS */;
UNLOCK TABLES;
/*!40103 SET TIME_ZONE=@OLD_TIME_ZONE */;

/*!40101 SET SQL_MODE=@OLD_SQL_MODE */;
/*!40014 SET FOREIGN_KEY_CHECKS=@OLD_FOREIGN_KEY_CHECKS */;
/*!40014 SET UNIQUE_CHECKS=@OLD_UNIQUE_CHECKS */;
/*!40101 SET CHARACTER_SET_CLIENT=@OLD_CHARACTER_SET_CLIENT */;
/*!40101 SET CHARACTER_SET_RESULTS=@OLD_CHARACTER_SET_RESULTS */;
/*!40101 SET COLLATION_CONNECTION=@OLD_COLLATION_CONNECTION */;
/*!40111 SET SQL_NOTES=@OLD_SQL_NOTES */;

-- Dump completed on 2019-11-09  8:16:35
